{"loss": {"train": [42.70138096809387, 26.817635536193848, 25.297526359558105, 23.59295892715454, 22.691582202911377, 22.130458116531372, 21.339054346084595, 20.855517148971558, 20.39637017250061, 19.857440948486328, 19.724023580551147, 19.267062664031982, 18.739332914352417, 18.673337936401367, 18.592018604278564, 17.88210129737854, 17.827375292778015, 17.604719877243042, 17.407583355903625, 17.44678270816803, 17.366514325141907, 17.18454945087433, 17.137635946273804, 16.79960560798645, 16.731245160102844, 16.7473281621933, 16.612401366233826, 16.39972198009491, 16.361161708831787, 16.20058012008667, 16.249386310577393, 16.1802499294281, 16.331565856933594, 16.26105546951294, 16.039220213890076, 16.02401304244995, 16.017884373664856, 15.96340548992157, 16.013846516609192, 15.735309362411499, 15.701768398284912, 15.793919801712036, 15.829005002975464, 15.8208566904068, 15.733417510986328, 15.3307546377182, 15.391968488693237, 15.433175921440125, 15.773762583732605, 15.503983616828918], "val": [213.554443359375, 67.28726959228516, 30.591886520385742, 25.217350959777832, 24.490744590759277, 25.349574089050293, 26.944852828979492, 26.42872142791748, 23.704400062561035, 23.428003311157227, 23.03861904144287, 23.553112983703613, 21.237957000732422, 22.09992790222168, 20.61448574066162, 20.630340576171875, 20.131460189819336, 19.933807373046875, 21.089566230773926, 18.758838653564453, 21.044442176818848, 18.255244255065918, 18.203052520751953, 18.469932556152344, 19.087915420532227, 19.949767112731934, 18.124390602111816, 17.69620704650879, 18.897210121154785, 19.285947799682617, 19.674790382385254, 17.507139205932617, 17.866002082824707, 17.513042449951172, 17.626551628112793, 16.78553533554077, 17.364011764526367, 18.71010684967041, 17.737354278564453, 16.636996269226074, 17.02738094329834, 16.932738780975342, 16.7321834564209, 16.867019653320312, 16.934470176696777, 16.89730739593506, 16.602425575256348, 16.284417629241943, 16.355318546295166, 16.283243656158447]}, "acc": {"train": [0.5758166145205317, 0.7655571338875525, 0.7805989733783293, 0.7953976074895996, 0.8033626570865878, 0.8104648400843969, 0.8161647541538308, 0.820262669482381, 0.823764440531938, 0.8262698703982868, 0.8277479800368213, 0.8295528099078061, 0.8327658351059788, 0.833863230006662, 0.8340718795588252, 0.837535881806907, 0.8384123445374031, 0.8399391023788556, 0.8410018661282389, 0.8405936857016543, 0.8413998769725123, 0.8420024214005062, 0.8426559486293191, 0.8447136582798881, 0.8454740913404689, 0.8460650465611516, 0.8460898775104055, 0.8472979691599966, 0.8474544574322368, 0.8485704977037729, 0.8494076221501576, 0.8489879382356771, 0.8489360767842073, 0.8496048971826884, 0.8495554567150554, 0.8500037792301042, 0.8501880746159596, 0.8503244277871768, 0.8505170652864986, 0.852149987047287, 0.8522376444886894, 0.8518365819651557, 0.8516739895720024, 0.8508953822580716, 0.8524645731496262, 0.8541230999370811, 0.853734809209612, 0.8541910525032649, 0.8525920678979138, 0.8533956250811042], "val": [0.7538002403031823, 0.7713423315773565, 0.795074818140775, 0.8040505256268039, 0.8158928854621935, 0.8190910417545421, 0.822648025489947, 0.8271393098011937, 0.8318801350671602, 0.834162602165813, 0.8367840033265823, 0.835183795142439, 0.841489357253524, 0.8348548926956103, 0.8431306380926524, 0.8413763797520684, 0.8481103349629371, 0.8503883445717988, 0.8466357871259377, 0.85046742081606, 0.8393213130110699, 0.8515878952964561, 0.8524025989464745, 0.8522395364953304, 0.8544763501246877, 0.8517458574374175, 0.8542312748101821, 0.8540793168078769, 0.8560300857839335, 0.8542581214363973, 0.8548682240226994, 0.8536428138023286, 0.8570614156572145, 0.8582246337192729, 0.8579768371559712, 0.8589151248881218, 0.8586329226400077, 0.8535396408404057, 0.8610191876762637, 0.859440678621148, 0.8586211609505341, 0.8600479984779901, 0.8593591662462288, 0.8603387822315387, 0.8621012166797402, 0.8636169649739249, 0.8636872576450816, 0.8627670729292773, 0.8616727777089177, 0.8614800867504915]}}